4020,"Garry's Mod Dedicated Server","unknown (No License)","unknown (No License)",false,false
232330,"Counter-Strike: Source Dedicated Server","unknown (No License)","unknown (No License)",false,false
233780,"Arma 3 Server","unknown (No License)","unknown (No License)",false,false
244310,"Source SDK Base 2013 Dedicated Server","unknown (No License)","unknown (No License)",false,false
255470,"Half-Life Deathmatch: Source Dedicated server","unknown (No License)","unknown (No License)",false,false
258550,"Rust Dedicated Server","released (Subscribed,Permanent,)","released (Subscribed,Permanent,)",true,true
293030,"Contagion Dedicated Server","unknown (No License)","unknown (No License)",false,false
294420,"7 Days to Die Dedicated Server","unknown (No License)","unknown (No License)",false,false
295230,"Fistful of Frags Dedicated Server","unknown (No License)","unknown (No License)",false,false
298740,"Space Engineers Dedicated Server","unknown (No License)","unknown (No License)",false,false
299310,"Serious Sam Classics: Revolution Dedicated Server","unknown (No License)","unknown (No License)",false,false
302200,"Miscreated Dedicated Server","unknown (No License)","unknown (No License)",false,false
302550,"Assetto Corsa Dedicated Server","unknown (No License)","unknown (No License)",false,false
313900,"NS2: Combat Dedicated Server","unknown (No License)","unknown (No License)",false,false
317670,"No More Room in Hell Dedicated Server","unknown (No License)","unknown (No License)",false,false
319060,"Lambda Wars Dedicated Server","unknown (No License)","unknown (No License)",false,false
320850,"Life is Feudal: Your Own Dedicated Server","unknown (No License)","unknown (No License)",false,false
324870,"RS/RO2 Alpha Community Maps - Dedicated Server","unknown (No License)","unknown (No License)",false,false
324890,"RS/RO2 Beta Community Maps - Dedicated Server","unknown (No License)","unknown (No License)",false,false
328950,"SNOW Dedicated Server","unknown (No License)","unknown (No License)",false,false
329710,"Fortress Forever Dedicated Server","unknown (No License)","unknown (No License)",false,false
332670,"Project CARS - Dedicated Server","unknown (No License)","unknown (No License)",false,false
332850,"BlazeRush Dedicated Server","unknown (No License)","unknown (No License)",false,false
336400,"PCE Dedicated Server","unknown (No License)","unknown (No License)",false,false
339010,"Rising World Dedicated Server","unknown (No License)","unknown (No License)",false,false
345950,"Down To One Dedicated Server","unknown (No License)","unknown (No License)",false,false
346680,"Black Mesa Dedicated Server","unknown (No License)","unknown (No License)",false,false
354060,"RaceRoom Dedicated Server","unknown (No License)","unknown (No License)",false,false
361580,"Wreckfest Dedicated Server","unknown (No License)","unknown (No License)",false,false
367970,"Medieval Engineers Dedicated Server","unknown (No License)","unknown (No License)",false,false
369630,"Mirage: Arcane Warfare - Dedicated Server","unknown (No License)","unknown (No License)",false,false
376030,"ARK: Survival Evolved Dedicated Server","unknown (No License)","unknown (No License)",false,false
378670,"Savage Lands Dedicated Server","unknown (No License)","unknown (No License)",false,false
380870,"Project Zomboid Dedicated Server","unknown (No License)","unknown (No License)",false,false
381690,"Reign Of Kings Dedicated Server","unknown (No License)","unknown (No License)",false,false
382030,"Yargis - Space Melee - Dedicated Server","unknown (No License)","unknown (No License)",false,false
382280,"Abatron Dedicated Server","unknown (No License)","unknown (No License)",false,false
383410,"Codename CURE Dedicated Server","unknown (No License)","unknown (No License)",false,false
384850,"AoF World Online Server with Scripts","unknown (No License)","unknown (No License)",false,false
393250,"Savage Resurrection Dedicated Server","unknown (No License)","unknown (No License)",false,false
402370,"Wurm Unlimited Dedicated Server","unknown (No License)","unknown (No License)",false,false
403240,"Squad Dedicated Server","unknown (No License)","unknown (No License)",false,false
405100,"Hurtworld Dedicated Server","unknown (No License)","unknown (No License)",false,false
407480,"Angels Fall First Dedicated Server","unknown (No License)","unknown (No License)",false,false
412680,"The Isle Dedicated Server","unknown (No License)","unknown (No License)",false,false
413770,"Project CARS 2 - Dedicated Server","unknown (No License)","unknown (No License)",false,false
414570,"Crea Dedicated Server","unknown (No License)","unknown (No License)",false,false
416880,"Ballistic Overkill Dedicated Server","unknown (No License)","unknown (No License)",false,false
418480,"Rising Storm 2 - Dedicated Server","unknown (No License)","unknown (No License)",false,false
419790,"Eden Star Dedicated Server","unknown (No License)","unknown (No License)",false,false
423410,"Blackwake Dedicated Server","unknown (No License)","unknown (No License)",false,false
426660,"Robot Roller-Derby Disco Dodgeball Dedicated Server","unknown (No License)","unknown (No License)",false,false
429400,"Warhammer 40,000: Dark Nexus Arena Dedicated Server","unknown (No License)","unknown (No License)",false,false
439660,"Tower Unite Dedicated Server","unknown (No License)","unknown (No License)",false,false
439700,"H1Z1: Test Server","unknown (No License)","unknown (No License)",false,false
443030,"Conan Exiles Dedicated Server","unknown (No License)","unknown (No License)",false,false
443050,"The Ship: Remasted Dedicated Server","unknown (No License)","unknown (No License)",false,false
447760,"Automobilista - Dedicated Server","unknown (No License)","unknown (No License)",false,false
449740,"Alchemist's Awakening Dedicated Server","unknown (No License)","unknown (No License)",false,false
450980,"Ultimate Arena FPS - Dedicated Server","unknown (No License)","unknown (No License)",false,false
451280,"Founder's Server : Exclusive Access 2","unknown (No License)","unknown (No License)",false,false
451320,"Founder's Server : Exclusive Access 3","unknown (No License)","unknown (No License)",false,false
453420,"Formicide Dedicated Server","unknown (No License)","unknown (No License)",false,false
460040,"Empires Dedicated Server","unknown (No License)","unknown (No License)",false,false
460300,"Ice Lakes Dedicated Server","unknown (No License)","unknown (No License)",false,false
460320,"MetaTron Dedicated Server","unknown (No License)","unknown (No License)",false,false
460670,"The Lost Island Dedicated Server","unknown (No License)","unknown (No License)",false,false
462310,"Day of Infamy Dedicated Server","unknown (No License)","unknown (No License)",false,false
472840,"Tree of Savior - Beginner's Pack for NA Servers","unknown (No License)","unknown (No License)",false,false
472841,"Tree of Savior - Beginner's Pack for EU Servers","unknown (No License)","unknown (No License)",false,false
472860,"Tree of Savior - Beginner's Pack for SEA Servers","unknown (No License)","unknown (No License)",false,false
472861,"Tree of Savior - Beginner's Pack for SA Servers","unknown (No License)","unknown (No License)",false,false
474800,"Tree of Savior - Veteran's Pack for NA Servers","unknown (No License)","unknown (No License)",false,false
474802,"Tree of Savior - Veteran's Pack for EU Servers","unknown (No License)","unknown (No License)",false,false
474803,"Tree of Savior - Veteran's Pack for SA Servers","unknown (No License)","unknown (No License)",false,false
475370,"BrainBread 2 Dedicated Server","unknown (No License)","unknown (No License)",false,false
476400,"GROUND BRANCH Dedicated Server","unknown (No License)","unknown (No License)",false,false
485250,"The Black Death Dedicated Server","unknown (No License)","unknown (No License)",false,false
489650,"Citadel: Forged With Fire Server","unknown (No License)","unknown (No License)",false,false
490500,"Zero G Arena dedicated server","unknown (No License)","unknown (No License)",false,false
493970,"Homebrew Vehicle Sandbox - Dedicated Server","unknown (No License)","unknown (No License)",false,false
497110,"Gang Beasts Server","unknown (No License)","unknown (No License)",false,false
507320,"The Bus - Dedicated Server","unknown (No License)","unknown (No License)",false,false
516860,"Of Kings And Men Dedicated Server","unknown (No License)","unknown (No License)",false,false
523390,"LandTraveller - Dedicated Server","unknown (No License)","unknown (No License)",false,false
525900,"Linux Dedicated Server","unknown (No License)","unknown (No License)",false,false
526340,"Voxel Turf Dedicated Server","unknown (No License)","unknown (No License)",false,false
530870,"Empyrion - Galactic Survival Dedicated Server","unknown (No License)","unknown (No License)",false,false
532330,"Starbound Unstable Dedicated Server","unknown (No License)","unknown (No License)",false,false
533830,"Starbound Dedicated Server","unknown (No License)","unknown (No License)",false,false
538480,"SURVIVAL Dedicated Server","unknown (No License)","unknown (No License)",false,false
541790,"Days of War Dedicated Server","unknown (No License)","unknown (No License)",false,false
545990,"Call of Duty: Black Ops III - Unranked Dedicated Server","unknown (No License)","unknown (No License)",false,false
548400,"STEAM HAMMER Dedicated server","unknown (No License)","unknown (No License)",false,false
549990,"Cobalt Dedicated Server","unknown (No License)","unknown (No License)",false,false
550772,"Steam Dev Days: Game Server Hosting","unknown (No License)","unknown (No License)",false,false
550790,"Rend Server","unknown (No License)","unknown (No License)",false,false
553650,"VIAR Server","unknown (No License)","unknown (No License)",false,false
554270,"Tree of Savior - Fresh Start Pack for NA Servers","unknown (No License)","unknown (No License)",false,false
554271,"Tree of Savior - Fresh Start Pack for EU Servers","unknown (No License)","unknown (No License)",false,false
554272,"Tree of Savior - Fresh Start Pack for SEA Servers","unknown (No License)","unknown (No License)",false,false
554273,"Tree of Savior - Fresh Start Pack for SA Servers","unknown (No License)","unknown (No License)",false,false
556450,"The Forest Dedicated Server","unknown (No License)","unknown (No License)",false,false
557690,"Vengeance: Dedicated Server (OBSOLETE)","unknown (No License)","unknown (No License)",false,false
559440,"Sunset Rangers Server","unknown (No License)","unknown (No License)",false,false
562720,"Neptune: Arena FPS Dedicated server","unknown (No License)","unknown (No License)",false,false
564390,"Serious Sam 2017 Dedicated Server","unknown (No License)","unknown (No License)",false,false
565060,"Avorion Dedicated Server","unknown (No License)","unknown (No License)",false,false
568660,"Lost Region Dedicated Server","unknown (No License)","unknown (No License)",false,false
568880,"Sniper Elite 4 Dedicated Server","unknown (No License)","unknown (No License)",false,false
581330,"Insurgency: Sandstorm Dedicated Server","unknown (No License)","unknown (No License)",false,false
598010,"SQUIDS FROM SPACE Dedicated Server","unknown (No License)","unknown (No License)",false,false
598850,"Hellion Dedicated Server","unknown (No License)","unknown (No License)",false,false
600760,"Stationeers Dedicated Server","unknown (No License)","unknown (No License)",false,false
604100,"Rokh Dedicated Server","unknown (No License)","unknown (No License)",false,false
609870,"Hunt For Gods Dedicated Server","unknown (No License)","unknown (No License)",false,false
612940,"Decaying Substance Dedicated Server","unknown (No License)","unknown (No License)",false,false
615320,"Game Server","unknown (No License)","unknown (No License)",false,false
616940,"Cobalt WASD Dedicated Server","unknown (No License)","unknown (No License)",false,false
619960,"Just Cause™ 3: Multiplayer - Dedicated Server","unknown (No License)","unknown (No License)",false,false
620110,"The Archotek Project Dedicated Server","unknown (No License)","unknown (No License)",false,false
621240,"Galaxy in Turmoil Dedicated Server","unknown (No License)","unknown (No License)",false,false
622970,"Pavlov VR Dedicated Server","unknown (No License)","unknown (No License)",false,false
623990,"Tom Clancy's Rainbow Six Siege - Test Server","unknown (No License)","unknown (No License)",false,false
628300,"Stellar Overload Dedicated Server","unknown (No License)","unknown (No License)",false,false
629800,"MORDHAU Dedicated Server","unknown (No License)","unknown (No License)",false,false
633290,"Stars End - Dedicated Server","unknown (No License)","unknown (No License)",false,false
638100,"Kreedz Climbing Dedicated Server","unknown (No License)","unknown (No License)",false,false
638500,"Soldat Dedicated Server","unknown (No License)","unknown (No License)",false,false
643090,"Them's Fightin' Herds Dedicated Server","unknown (No License)","unknown (No License)",false,false
649390,"RutonyChat - Restream Server","unknown (No License)","unknown (No License)",false,false
660470,"Dedicated Server","unknown (No License)","unknown (No License)",false,false
667230,"Capsa Dedicated Server","unknown (No License)","unknown (No License)",false,false
668390,"Hanako: Honor & Blade Dedicated Server","unknown (No License)","unknown (No License)",false,false
673990,"IOSoccer Dedicated Server","unknown (No License)","unknown (No License)",false,false
677100,"Valnir Rok Dedicated Server","unknown (No License)","unknown (No License)",false,false
679600,"Pantropy dedicated server","unknown (No License)","unknown (No License)",false,false
680020,"Wasteworld Server","unknown (No License)","unknown (No License)",false,false
680870,"Airmen Dedicated Server","unknown (No License)","unknown (No License)",false,false
682380,"Tree of Savior - Reset Pack for NA Servers","unknown (No License)","unknown (No License)",false,false
682390,"Tree of Savior - Reset Pack for EU Servers","unknown (No License)","unknown (No License)",false,false
682400,"Tree of Savior - Reset Pack for SEA Servers","unknown (No License)","unknown (No License)",false,false
682410,"Tree of Savior - Reset Pack for SA Servers","unknown (No License)","unknown (No License)",false,false
685100,"Crafting Dead Dedicated Server","unknown (No License)","unknown (No License)",false,false
688930,"City of Ages: Picture Supportive Text MUD (server and client included)","unknown (No License)","unknown (No License)",false,false
689410,"BattleBitDedicatedGameServer","unknown (No License)","unknown (No License)",false,false
689780,"Murderous Pursuits Dedicated Server","unknown (No License)","unknown (No License)",false,false
693060,"Perpetuum Dedicated Server","unknown (No License)","unknown (No License)",false,false
696120,"GearStorm Dedicated Server","unknown (No License)","unknown (No License)",false,false
696260,"Tree of Life - Experimental Server","unknown (No License)","unknown (No License)",false,false
696640,"Radline + Dedicated Server (obsolete)","unknown (No License)","unknown (No License)",false,false
704980,"Master Arena Server","unknown (No License)","unknown (No License)",false,false
710560,"Ylands Dedicated Server","unknown (No License)","unknown (No License)",false,false
713970,"The Simple Apocalypse Server","unknown (No License)","unknown (No License)",false,false
723520,"SCP Project Dedicated Server","unknown (No License)","unknown (No License)",false,false
728470,"ASTRONEER Dedicated Server","unknown (No License)","unknown (No License)",false,false
730810,"Allegiance Server","unknown (No License)","unknown (No License)",false,false
739120,"BattleRush Dedicated Server","unknown (No License)","unknown (No License)",false,false
739590,"Eco Server","unknown (No License)","unknown (No License)",false,false
770720,"Hunt: Showdown 1896 (Test Server)","unknown (No License)","unknown (No License)",false,false
774961,"Squad - Public Test Dedicated Server","unknown (No License)","unknown (No License)",false,false
808040,"Smalland: Survive the Wilds - Dedicated Server","unknown (No License)","unknown (No License)",false,false
844650,"Squad 44 - Beta Dedicated Server","unknown (No License)","unknown (No License)",false,false
882430,"Beasts of Bermuda Dedicated Server","unknown (No License)","unknown (No License)",false,false
884110,"SCP: 5K - Community Dedicated Server","unknown (No License)","unknown (No License)",false,false
920720,"Last Oasis - Dedicated Server","unknown (No License)","unknown (No License)",false,false
955080,"Team Fortress 2008 - Dedicated Server","unknown (No License)","unknown (No License)",false,false
965690,"D.A.T.A Dedicated Server","unknown (No License)","unknown (No License)",false,false
974130,"StickyBots DedicatedServer","unknown (No License)","unknown (No License)",false,false
976380,"Never Split the Party Dedicated Server","unknown (No License)","unknown (No License)",false,false
983360,"Ancestors Legacy Dedicated Server","unknown (No License)","unknown (No License)",false,false
985050,"Action: Source Dedicated Server","unknown (No License)","unknown (No License)",false,false
988950,"Journey of Life - Dedicated Server","unknown (No License)","unknown (No License)",false,false
996560,"SCP: Secret Laboratory Dedicated Server","unknown (No License)","unknown (No License)",false,false
996600,"Heat Dedicated Server","unknown (No License)","unknown (No License)",false,false
1000090,"Meal of the Worms Dedicated Server","unknown (No License)","unknown (No License)",false,false
1003980,"Right to Rule Dedicated Server","unknown (No License)","unknown (No License)",false,false
1006030,"ATLAS Dedicated Server","unknown (No License)","unknown (No License)",false,false
1006890,"Gunsolvers: Dedicated server","unknown (No License)","unknown (No License)",false,false
1010510,"DCB Server","unknown (No License)","unknown (No License)",false,false
1012730,"九劫曲:诅咒之地 Nine Trials Test Server","unknown (No License)","unknown (No License)",false,false
1017070,"Vanguard: Normandy 1944 Dedicated Server","unknown (No License)","unknown (No License)",false,false
1023620,"PlayerVs Dedicated Server","unknown (No License)","unknown (No License)",false,false
1026340,"Barotrauma Dedicated Server","unknown (No License)","unknown (No License)",false,false
1035540,"Fragsurf Dedicated Server","unknown (No License)","unknown (No License)",false,false
1041160,"Observers","unknown (No License)","unknown (No License)",false,false
1041860,"HELL'S NEW WORLD Dedicated Server","unknown (No License)","unknown (No License)",false,false
1045940,"HYPERCHARGE: Unboxed Dedicated Server","unknown (No License)","unknown (No License)",false,false
1047650,"Road to Eden - Dedicated server","unknown (No License)","unknown (No License)",false,false
1050410,"UP Server","unknown (No License)","unknown (No License)",false,false
1054680,"Observers Demo","unknown (No License)","unknown (No License)",false,false
1061710,"CryoFall Dedicated Server","unknown (No License)","unknown (No License)",false,false
1064780,"Beyond The Wire - Dedicated Server","unknown (No License)","unknown (No License)",false,false
1071470,"Planetes Community Dedicated Server","unknown (No License)","unknown (No License)",false,false
1075180,"Beyond Enemy Lines 2 Dedicated Server","unknown (No License)","unknown (No License)",false,false
1075820,"Green Army Men - Dedicated Server","released (Invalid Platform,Permanent,)","released (Permanent,)",false,true
1084900,"Task Force Dedicated Server","unknown (No License)","unknown (No License)",false,false
1086350,"MekaFighters Dedicated Server","unknown (No License)","unknown (No License)",false,false
1086950,"Solace Crafting Dedicated Server","unknown (No License)","unknown (No License)",false,false
1088320,"Day of Dragons - Dedicated Server","unknown (No License)","unknown (No License)",false,false
1098260,"Creativerse Dedicated Server","unknown (No License)","unknown (No License)",false,false
1099850,"Karl BOOM Dedicated Server","unknown (No License)","unknown (No License)",false,false
1101560,"灵魂筹码欧美服demo测试版 Soul at Stake US/EU Server Testing Demo","unknown (No License)","unknown (No License)",false,false
1110390,"Unturned Dedicated Server","unknown (No License)","unknown (No License)",false,false
1111260,"WBTR Server","unknown (No License)","unknown (No License)",false,false
1118810,"Midnight Ghost Hunt Dedicated Server","unknown (No License)","unknown (No License)",false,false
1119550,"SFIW:DedicatedServer","unknown (No License)","unknown (No License)",false,false
1129070,"Dedicated Server","unknown (No License)","unknown (No License)",false,false
1136190,"Military Conflict: Vietnam Dedicated Server","unknown (No License)","unknown (No License)",false,false
1136460,"Without A Roof (W.A.R.) Dedicated Server","unknown (No License)","unknown (No License)",false,false
1136510,"Warfork Dedicated Server","unknown (No License)","unknown (No License)",false,false
1141420,"Rem Survival Dedicated Server","unknown (No License)","unknown (No License)",false,false
1169370,"Necesse Dedicated Server","unknown (No License)","unknown (No License)",false,false
1170680,"Task Force Elite Dedicated Server","unknown (No License)","unknown (No License)",false,false
1171790,"Celaria Server","unknown (No License)","unknown (No License)",false,false
1180760,"Risk of Rain 2 Dedicated Server","unknown (No License)","unknown (No License)",false,false
1189160,"Re.Poly Server","unknown (No License)","unknown (No License)",false,false
1200740,"LoginToShootingRangeInServer00 VR","unknown (No License)","unknown (No License)",false,false
1203110,"BadLads Dedicated Server","unknown (No License)","unknown (No License)",false,false
1204170,"Onset Dedicated Server","unknown (No License)","unknown (No License)",false,false
1207110," GROUND BRANCH CTE Dedicated Server","unknown (No License)","unknown (No License)",false,false
1215190,"Warfare 1944 Dedicated Server","unknown (No License)","unknown (No License)",false,false
1222650,"Space Impossible Dedicated Server","unknown (No License)","unknown (No License)",false,false
1223310,"SRX Dedicated Server","unknown (No License)","unknown (No License)",false,false
1231430,"CFToolServer","unknown (No License)","unknown (No License)",false,false
1247090,"Stormworks Dedicated Server","unknown (No License)","unknown (No License)",false,false
1252670,"Logic World Dedicated Server","unknown (No License)","unknown (No License)",false,false
1255430,"Talvisota: Dedicated Server","unknown (No License)","unknown (No License)",false,false
1275530,"DeadsideServer","unknown (No License)","unknown (No License)",false,false
1277220,"Deep Space Battle Simulator Dedicated Server","unknown (No License)","unknown (No License)",false,false
1279430,"Civil Dedicated Server","unknown (No License)","unknown (No License)",false,false
1280020,"Survived - Dedicated Server","unknown (No License)","unknown (No License)",false,false
1284600,"Race Project Dedicated Server","unknown (No License)","unknown (No License)",false,false
1292030,"Retail Royale Server","unknown (No License)","unknown (No License)",false,false
1292350,"pla_toon Dedicated Server","unknown (No License)","unknown (No License)",false,false
1301040,"Mod and Play Dedicated Server","unknown (No License)","unknown (No License)",false,false
1303430,"Gemini: Binary Conflict Dedicated Server","unknown (No License)","unknown (No License)",false,false
1307050,"Spoils of Plunder dedicated server","unknown (No License)","unknown (No License)",false,false
1315990,"Blackstorm - Dedicated Server","unknown (No License)","unknown (No License)",false,false
1316470,"Warfare 1944 Beta Dedicated Server","unknown (No License)","unknown (No License)",false,false
1316480,"Operation: Harsh Doorstop - Developer Build Dedicated Server","unknown (No License)","unknown (No License)",false,false
1336240,"Automobilista 2 Beta - Dedicated Server","unknown (No License)","unknown (No License)",false,false
1338040,"Automobilista 2 - Dedicated Server","unknown (No License)","unknown (No License)",false,false
1339270,"POWER Dedicated Server","unknown (No License)","unknown (No License)",false,false
1348640,"Frozen Flame - Dedicated Server","unknown (No License)","unknown (No License)",false,false
1360240,"Fisty Cuffs Server","unknown (No License)","unknown (No License)",false,false
1362540,"Battle Cry of Freedom - Dedicated Server","unknown (No License)","unknown (No License)",false,false
1362640,"Subsistence Dedicated Server","unknown (No License)","unknown (No License)",false,false
1377020,"Sanctuary Island dedicated server","unknown (No License)","unknown (No License)",false,false
1377850,"Server is Down","unknown (No License)","unknown (No License)",false,false
1380950,"Fadeout Dedicated Server","unknown (No License)","unknown (No License)",false,false
1386900,"Observer: System Redux","unknown (No License)","unknown (No License)",false,false
1396070,"The Art of Observer System Redux","unknown (No License)","unknown (No License)",false,false
1402480,"NARAKA: BLADEPOINT - Test Server","unknown (No License)","unknown (No License)",false,false
1402890,"Observer: System Redux Demo","unknown (No License)","unknown (No License)",false,false
1404690,"Paint Royale Dedicated Server","unknown (No License)","unknown (No License)",false,false
1405890,"Blood Oath: When The Sword Rises dedicated server","unknown (No License)","unknown (No License)",false,false
1408910,"UGDL Dedicated Server","unknown (No License)","unknown (No License)",false,false
1413700,"TrickShot Dedicated Server","unknown (No License)","unknown (No License)",false,false
1418640,"Dedicated Server","unknown (No License)","unknown (No License)",false,false
1420480,"TrickShot Demo Dedicated Server","unknown (No License)","unknown (No License)",false,false
1420710,"Night of the Dead Dedicated Server","unknown (No License)","unknown (No License)",false,false
1424230,"Holdfast: Nations At War - Dedicated Server","unknown (No License)","unknown (No License)",false,false
1427490,"ExoCorps Dedicated Server","unknown (No License)","unknown (No License)",false,false
1430110,"Assetto Corsa Competizione Dedicated Server","unknown (No License)","unknown (No License)",false,false
1433120,"STAR WARS™: The Old Republic™ - Public Test Server","unknown (No License)","unknown (No License)",false,false
1433270,"SCP: Escape Together Dedicated Server","unknown (No License)","unknown (No License)",false,false
1460560,"Unclear Dedicated Server","unknown (No License)","unknown (No License)",false,false
1471190,"NARAKA: BLADEPOINT - Test Server Playtest","unknown (No License)","unknown (No License)",false,false
1652070,"QANGA Dedicated Server","unknown (No License)","unknown (No License)",false,false
1664300,"Animalia Survival Dedicated Server","unknown (No License)","unknown (No License)",false,false
1670340,"Craftopia Dedicated Server","unknown (No License)","unknown (No License)",false,false
1690800,"Satisfactory Dedicated Server","unknown (No License)","unknown (No License)",false,false
1697660,"Hellbreath Dedicated Server","unknown (No License)","unknown (No License)",false,false
1797170,"Thunder Tier One Dedicated Server","unknown (No License)","unknown (No License)",false,false
1801260,"Spawnworks Dedicated Server","unknown (No License)","unknown (No License)",false,false
1801280,"SCP: CB Multiplayer Dedicated Server","unknown (No License)","unknown (No License)",false,false
1812770,"Dead Event Dedicated Server","unknown (No License)","unknown (No License)",false,false
1815810,"Turbo Sliders Unlimited Dedicated Server","unknown (No License)","unknown (No License)",false,false
1816360,"Dysterra Playtest Dedicated Server","unknown (No License)","unknown (No License)",false,false
1821720,"FallenSkyServer","unknown (No License)","unknown (No License)",false,false
1827320,"Isles of Yore Dedicated Server - Windows","unknown (No License)","unknown (No License)",false,false
1827330,"Isles of Yore Dedicated Server - Linux","unknown (No License)","unknown (No License)",false,false
1829350,"V Rising Dedicated Server","unknown (No License)","unknown (No License)",false,false
1830410,"Dedicated Server","unknown (No License)","unknown (No License)",false,false
1836200,"Fallout 76 Public Test Server","unknown (No License)","unknown (No License)",false,false
1850430,"Outerstellar Server","unknown (No License)","unknown (No License)",false,false
1850780,"Powerjackers Dedicated Server","unknown (No License)","unknown (No License)",false,false
1853570,"WTWServerFiles","unknown (No License)","unknown (No License)",false,false
1860400,"Escape from Covid Dedicated Server","unknown (No License)","unknown (No License)",false,false
1863440,"Mount & Blade II: Dedicated Server","unknown (No License)","unknown (No License)",false,false
1865350,"Chunkers Server","unknown (No License)","unknown (No License)",false,false
1869320,"Naval Action Server Access","unknown (No License)","unknown (No License)",false,false
1874900,"Arma Reforger Server","unknown (No License)","unknown (No License)",false,false
1875500,"Treason Dedicated Server","unknown (No License)","unknown (No License)",false,false
1890870,"Arma Reforger Experimental Server","unknown (No License)","unknown (No License)",false,false
1892930,"s&box server","unknown (No License)","unknown (No License)",false,false
1899880,"BadlandsDedicatedServer","unknown (No License)","unknown (No License)",false,false
1899970,"BadlandsServerBeta","unknown (No License)","unknown (No License)",false,false
1900210,"LGS Dedicated Server","unknown (No License)","unknown (No License)",false,false
1911460,"Infinite Progression Dedicated Server","unknown (No License)","unknown (No License)",false,false
1911970,"OverShoot Battle Race [ Dedicated Server ]","unknown (No License)","unknown (No License)",false,false
1925900,"Server Owner Tycoon","unknown (No License)","unknown (No License)",false,false
1926100,"RealTennisServer","unknown (No License)","unknown (No License)",false,false
1932270,"Condemned Dedicated Server","unknown (No License)","unknown (No License)",false,false
1936460,"TheDark Dedicated Server","unknown (No License)","unknown (No License)",false,false
1936830,"nanos world™ Dedicated Server","unknown (No License)","unknown (No License)",false,false
1940990,"Ironsight Test Server","unknown (No License)","unknown (No License)",false,false
1948160,"Euro Truck Simulator 2 Dedicated Server","unknown (No License)","unknown (No License)",false,false
1948990,"Snapshot VR Dedicated Server","unknown (No License)","unknown (No License)",false,false
1951690,"Worst World Dedicated Server","unknown (No License)","unknown (No License)",false,false
1956500,"Draconia Dedicated Server","unknown (No License)","unknown (No License)",false,false
1963720,"Core Keeper Dedicated Server","unknown (No License)","unknown (No License)",false,false
1964150,"Perfect Heist 2 Dedicated Server","unknown (No License)","unknown (No License)",false,false
1978540,"dedicated servers","unknown (No License)","unknown (No License)",false,false
1978930,"Project Speed 2 Dedicated Server","unknown (No License)","unknown (No License)",false,false
1984310,"Animal Babysister Fighter Dedicated Server","unknown (No License)","unknown (No License)",false,false
1990390,"Splitgate - Test Server","unknown (No License)","unknown (No License)",false,false
1992220,"Escape from Polykov - Dedicated Server","unknown (No License)","unknown (No License)",false,false
2009240,"生死狙击2 Test Server","unknown (No License)","unknown (No License)",false,false
2050860,"Mechabellum Test Server","unknown (No License)","unknown (No License)",false,false
2058450,"Swords 'n Magic and Stuff Dedicated Server","unknown (No License)","unknown (No License)",false,false
2059840,"Dysterra Demo Dedicated Server","unknown (No License)","unknown (No License)",false,false
2069670,"defect dedicated server","unknown (No License)","unknown (No License)",false,false
2070070,"Zero World Dedicated Server","released (Subscribed,Permanent,)","released (Subscribed,Permanent,)",true,true
2093570,"Lightphobe Dedicated Server","unknown (No License)","unknown (No License)",false,false
2101160,"Turbo Force Dedicated Server","unknown (No License)","unknown (No License)",false,false
2103880,"Assault Wing Dedicated Server","unknown (No License)","unknown (No License)",false,false
2116400,"Bounters Playtest Server","unknown (No License)","unknown (No License)",false,false
2122920,"KillOption Dedicated Server","unknown (No License)","unknown (No License)",false,false
2131400,"VEIN Dedicated Server","unknown (No License)","unknown (No License)",false,false
2132500,"LAZ3RZ Dedicated Server","unknown (No License)","unknown (No License)",false,false
2138530,"Wrangel Island Playtest - Dedicated Server","unknown (No License)","unknown (No License)",false,false
2145990,"Polity - Test Server","unknown (No License)","unknown (No License)",false,false
2150040,"Dedicated Server","unknown (No License)","unknown (No License)",false,false
2160300,"Re-Spawn Tournament Dedicated Server","unknown (No License)","unknown (No License)",false,false
2164830,"Karagon Dedicated Server","unknown (No License)","unknown (No License)",false,false
2181210,"JBMod Dedicated Server","unknown (No License)","unknown (No License)",false,false
2192940,"Coronation Dedicated Server","unknown (No License)","unknown (No License)",false,false
2200460,"kraserServer","unknown (No License)","unknown (No License)",false,false
2208380,"DeadPoly Dedicated Server","unknown (No License)","unknown (No License)",false,false
2214780,"Dysterra Dedicated Server","unknown (No License)","unknown (No License)",false,false
2218990,"Aeon Wars Test Server","unknown (No License)","unknown (No License)",false,false
2223650,"Motor Town: Behind The Wheel - Dedicated Server","unknown (No License)","unknown (No License)",false,false
2227360,"Plains of Pain (Dedicated Server)","unknown (No License)","unknown (No License)",false,false
2231330,"SorseBox Dedicated Server","unknown (No License)","unknown (No License)",false,false
2232430,"Geoterra Dedicated Server","unknown (No License)","unknown (No License)",false,false
2239530,"American Truck Simulator Dedicated Server","unknown (No License)","unknown (No License)",false,false
2241720,"TheCenozoicEraServer","unknown (No License)","unknown (No License)",false,false
2244890,"SCP: Observer Public Beta","unknown (No License)","unknown (No License)",false,false
2260500,"VSDedicatedServer","unknown (No License)","unknown (No License)",false,false
2261800,"SCP: Labrat Dedicated Server","unknown (No License)","unknown (No License)",false,false
2263280,"Dinogen Online Multiplayer Server","unknown (No License)","unknown (No License)",false,false
2278520,"Enshrouded Dedicated Server","unknown (No License)","unknown (No License)",false,false
2286480,"Endless Survival Dedicated Server","unknown (No License)","unknown (No License)",false,false
2291821,"StarRaver - Observer Skin","unknown (No License)","unknown (No License)",false,false
2292470,"Rock Hoppers Dedicated Server","unknown (No License)","unknown (No License)",false,false
2293960,"Dedicated Server","unknown (No License)","unknown (No License)",false,false
2306520,"STRIKE ZOMBIE - Dedicated Server","unknown (No License)","unknown (No License)",false,false
2311970,"Totally Accurate Battlegrounds Dedicated Server","unknown (No License)","unknown (No License)",false,false
2318110,"DSO Dedicated Server","unknown (No License)","unknown (No License)",false,false
2320610,"Nienix Dedicated Server","unknown (No License)","unknown (No License)",false,false
2329540,"Boss Arena Dedicated Server","unknown (No License)","unknown (No License)",false,false
2329680,"NoOneSurvivedDedicatedServer","unknown (No License)","unknown (No License)",false,false
2334200,"The Front Linux Dedicated Server","unknown (No License)","unknown (No License)",false,false
2334460,"Unknown To Mankind Test Servers Playtest","unknown (No License)","unknown (No License)",false,false
2342570,"ISZDedicatedServer","unknown (No License)","unknown (No License)",false,false
2350650,"Battlement Dedicated Server","unknown (No License)","unknown (No License)",false,false
2353090,"NEBULOUS Dedicated Server","unknown (No License)","unknown (No License)",false,false
2369620,"Dedicated Server","unknown (No License)","unknown (No License)",false,false
2392470," Dedicated Server ScrewUp","unknown (No License)","unknown (No License)",false,false
2394010,"Palworld Dedicated Server","unknown (No License)","unknown (No License)",false,false
2406780,"Banana Shooter Dedicated Server","unknown (No License)","unknown (No License)",false,false
2409440,"New Citizen dedicated servers","unknown (No License)","unknown (No License)",false,false
2414480,"Lost Isle Dedicated Server","unknown (No License)","unknown (No License)",false,false
2416070,"Shattered: Dedicated Server","unknown (No License)","unknown (No License)",false,false
2430930,"ARK: Survival Ascended Dedicated Server","unknown (No License)","unknown (No License)",false,false
2440790,"DUOnline Server","unknown (No License)","unknown (No License)",false,false
2454010,"Semicolon Island Dedicated Server","unknown (No License)","unknown (No License)",false,false
2454130,"Undead Outpost Dedicated Server","unknown (No License)","unknown (No License)",false,false
2465200,"Sons Of The Forest Dedicated Server","unknown (No License)","unknown (No License)",false,false
2533070,"TerraTech Worlds Dedicated Server","unknown (No License)","unknown (No License)",false,false
2560920,"LSZDedicatedServer","unknown (No License)","unknown (No License)",false,false
2570570,"NOVAKIN Mark0 Dedicated Server","unknown (No License)","unknown (No License)",false,false
2577840,"Athos Dedicated Server","unknown (No License)","unknown (No License)",false,false
2580320,"Project Amaranth Dedicated Server","unknown (No License)","unknown (No License)",false,false
2584780,"Dead Matter Dedicated Server","unknown (No License)","unknown (No License)",false,false
2612550,"The Front Dedicated Server","unknown (No License)","unknown (No License)",false,false
2619010,"Helion - Dedicated Server","unknown (No License)","unknown (No License)",false,false
2636050,"Bloodbound Dedicated Server","unknown (No License)","unknown (No License)",false,false
2662210,"Astro Colony Dedicated Server","unknown (No License)","unknown (No License)",false,false
2667530,"Sunkenland Dedicated Server","unknown (No License)","unknown (No License)",false,false
2684970,"炭熄 dedicate server","unknown (No License)","unknown (No License)",false,false
2690320,"DUCKSIDE Server","unknown (No License)","unknown (No License)",false,false
2691380,"Dedicated Server","unknown (No License)","unknown (No License)",false,false
2703580,"SCP: EVENT CLASSIFIED (Dedicated Server)","unknown (No License)","unknown (No License)",false,false
2715080,"Native Hunter Dedicated Server","unknown (No License)","unknown (No License)",false,false
2738040,"Silica Dedicated Server","unknown (No License)","unknown (No License)",false,false
2789180,"Project Asteroids Community Server","unknown (No License)","unknown (No License)",false,false
2807720,"Project Chaos Server","unknown (No License)","unknown (No License)",false,false
2809600,"SlimChanceServer","unknown (No License)","unknown (No License)",false,false
2823750,"Wild Omission Dedicated Server","unknown (No License)","unknown (No License)",false,false
2832030,"ANEURISM IV Dedicated Server","unknown (No License)","unknown (No License)",false,false
2833050,"No Love Lost Dedicated Server","unknown (No License)","unknown (No License)",false,false
2834640,"Paintball Playground Dedicated Server","unknown (No License)","unknown (No License)",false,false
2842470,"Project Ethereal - Dedicated Server Toolbox","unknown (No License)","unknown (No License)",false,false
2849410,"Dragons Legacy - Dedicated Server","unknown (No License)","unknown (No License)",false,false
2857200,"Abiotic Factor Dedicated Server","unknown (No License)","unknown (No License)",false,false
2886350,"Sapiens Dedicated Server","unknown (No License)","unknown (No License)",false,false
2915100,"Echoes of Elysium Dedicated Server","unknown (No License)","unknown (No License)",false,false
2915550,"FOUNDRY: Dedicated Server","unknown (No License)","unknown (No License)",false,false
2917780,"Primal Earth Dedicated Server","unknown (No License)","unknown (No License)",false,false
3017300,"Soulmask Dedicated Server For Linux","released (Subscribed,Permanent,)","released (Subscribed,Permanent,)",true,true
3017310,"Soulmask Dedicated Server For Windows","released (Subscribed,Permanent,)","released (Subscribed,Permanent,)",true,true
3093190,"Exfil Dedicated Server","unknown (No License)","unknown (No License)",false,false
3246670,"ASKA Dedicated Server","unknown (No License)","unknown (No License)",false,false
3252540,"Ace Squared Dedicated Server","unknown (No License)","unknown (No License)",false,false
3267730,"Linux Dedicated Server Files","unknown (No License)","unknown (No License)",false,false
3267740,"Windows Dedicated Server Files","unknown (No License)","unknown (No License)",false,false
3314160,"Dedicated Server (Linux)","unknown (No License)","unknown (No License)",false,false
3318060,"Cellulose Dedicated Server","unknown (No License)","unknown (No License)",false,false
3359640,"ARK: Survival Ascended Beta Server","unknown (No License)","unknown (No License)",false,false
3392870,"Mainland Dedicated Server","unknown (No License)","unknown (No License)",false,false
3400750,"Aritas: The Demon Lord Server","unknown (No License)","unknown (No License)",false,false
3420170,"Dead Sector Dedicated Server","unknown (No License)","unknown (No License)",false,false
